Distance from Lap Line (m),Elevation (m),UTMX,UTMY
0,200.0,0.0,0.0
1,200.002002002002,1.0,0.0
2,200.004004004004,2.0,0.0
3,200.006006006006,3.0,0.0
4,200.008008008008,4.0,0.0
5,200.01001001001,5.0,0.0
6,200.012012012012,5.999987041405515,-0.005090876255088105
7,200.014014014014,6.999935207363427,-0.015272496824062391
8,200.016016016016,7.999818582028156,-0.03054459782793855
9,200.018018018018,8.999611251233334,-0.05090678345678891
10,200.02002002002,9.999287303163424,-0.07635852598000067
11,200.022022022022,10.998820829025279,-0.10689916575995326
12,200.02402402402402,11.998185923719626,-0.14252791126911424
13,200.02602602602602,12.99735668651246,-0.18324383911055347
14,200.02802802802802,13.996677409309228,-0.22009615232077012
15,200.03003003003002,14.99613315225911,-0.2530842999574598
16,200.03203203203202,15.99570897349273,-0.28220778884761666
17,200.03403403403402,16.995389929345542,-0.30746618359490646
18,200.03603603603602,17.995161074581237,-0.3288591065861757
19,200.03803803803802,18.99500746261517,-0.3463862379970967
20,200.04004004004005,19.994914145737823,-0.3600473157969495
21,200.04204204204206,20.994866175338263,-0.3698421357525386
22,200.04404404404406,21.994848602127625,-0.3757705514312467
23,200.04604604604606,22.994846476362607,-0.3778324742032238
24,200.04804804804806,23.99484484806897,-0.3760278732427119
25,200.05005005005006,24.99482876726503,-0.3703567755285064
26,200.05205205205206,25.99478328418518,-0.3608192658435521
27,200.05405405405406,26.994693449503366,-0.34741548677367634
28,200.05605605605606,27.9945443145566,-0.3301456387054569
29,200.05805805805807,28.994309080160654,-0.3084566217460262
30,200.06006006006007,29.99396821444438,-0.28234885962214423
31,200.06206206206207,30.993502187600278,-0.25182286238723894
32,200.06406406406407,31.992891472266063,-0.216879226411442
33,200.06606606606607,32.99211654390615,-0.17751863436993767
34,200.06806806806807,33.991157881193104,-0.13374185522962578
35,200.07007007007007,34.989995966388996,-0.0855497442340988
36,200.07207207207207,35.98861128572673,-0.032943242886933406
37,200.07407407407408,36.98698432979128,0.02407662106670315
38,200.07607607607608,37.9850955939008,0.08550873366013155
39,200.07807807807808,38.98292557848772,0.1513518947269234
40,200.08008008008008,39.98045478947967,0.22160481792434825
41,200.08208208208208,40.97766373868033,0.2962661307585041
42,200.08408408408408,41.97453294415016,0.3753343746111313
43,200.08608608608608,42.97140214962,0.45440261846375846
44,200.08808808808809,43.96827135508983,0.5334708623163856
45,200.0900900900901,44.96514056055967,0.6125391061690129
46,200.0920920920921,45.9620097660295,0.69160735002164
47,200.0940940940941,46.95887897149934,0.7706755938742671
48,200.0960960960961,47.95574817696917,0.8497438377268942
49,200.0980980980981,48.95261738243901,0.9288120815795213
50,200.1001001001001,49.94774049270067,1.0274528207452218
51,200.1021021021021,50.94073325945327,1.145627966935188
52,200.1041041041041,51.93121225698848,1.2832918890122644
53,200.1061061061061,52.91879503024326,1.4403914306105634
54,200.1081081081081,53.90310024247776,1.616865930660809
55,200.1101101101101,54.88374782252144,1.8126472468134815
56,200.1121121121121,55.860359111530464,2.0276597817507196
57,200.1141141141141,56.83255700919979,2.26182051237682
58,200.1161161161161,57.799966119373444,2.515039021876063
59,200.1181181181181,58.76221289499678,2.787217534625488
60,200.12012012012013,59.71892578235473,3.078250953949131
61,200.12212212212214,60.669735364540365,3.388026902699156
62,200.12412412412414,61.61427450409837,3.7164257666482006
63,200.12612612612614,62.55217848478836,4.06332074067619
64,200.12812812812814,63.48308515241326,4.428577877733775
65,200.13013013013014,64.41925020476907,4.780138675815197
66,200.13213213213214,65.36047214139846,5.117927464864824
67,200.13413413413414,66.30654837339877,5.441871539118539
68,200.13613613613614,67.25727526702728,5.751901172752946
69,200.13813813813815,68.21244818753142,6.047949634893182
70,200.14014014014015,69.17186154319441,6.3299532039760855
71,200.14214214214215,70.13530882958688,6.5978511814656535
72,200.14414414414415,71.10258267401494,6.851585904917806
73,200.14614614614615,72.0734748801552,7.091102760391672
74,200.14814814814815,73.04777647286694,7.316350194204712
75,200.15015015015015,74.02527774317203,7.527279724029145
76,200.15215215215215,75.00576829339269,7.723845949327305
77,200.15415415415416,75.98903708243768,7.90600656112366
78,200.15615615615616,76.97440841528523,8.076427617340997
79,200.15815815815816,77.96174213482998,8.235084877653724
80,200.16016016016016,78.95089780484085,8.381955774993354
81,200.16216216216216,79.94173472993646,8.517019418758396
82,200.16416416416416,80.93411197559729,8.640256597785784
83,200.16616616616616,81.92544090477045,8.771660380776927
84,200.16816816816817,82.9156543129008,8.911221859555615
85,200.17017017017017,83.90468507105699,9.058931572915963
86,200.17217217217217,84.89246613048236,9.214779507263808
87,200.17417417417417,85.87893052714031,9.378755097295551
88,200.17617617617617,86.86401138625396,9.550847226714412
89,200.17817817817817,87.84764192683973,9.73104422898402
90,200.18018018018017,88.82975546623459,9.919333888119327
91,200.18218218218217,89.81028542461667,10.115703439514748
92,200.18418418418418,90.78916532951881,10.320139570809513
93,200.18618618618618,91.76632882033493,10.532628422790134
94,200.18818818818818,92.74170965281877,10.753155590329966
95,200.19019019019018,93.7152417035747,10.981706123365754
96,200.19219219219218,94.68685897454046,11.21826452791114
97,200.19419419419418,95.65496795140572,11.468793985087125
98,200.19619619619618,96.61936775306891,11.733242510422395
99,200.19819819819818,97.57985826807652,12.01155523126072
100,200.20020020020021,98.5362401961459,12.303674398146946
101,200.20220220220222,99.48831508951979,12.60953939680991
102,200.20420420420422,100.43588539414391,12.929086760739812
103,200.20620620620622,101.3787544906591,13.26225018435742
104,200.20820820820822,102.31672673519958,13.608960536772367
105,200.21021021021022,103.24960749998867,13.969145876127705
106,200.21221221221222,104.17720321372381,14.34273146452773
107,200.21421421421422,105.0989307409676,14.730569530633993
108,200.21621621621622,106.02065826821139,15.118407596740255
109,200.21821821821823,106.94238579545518,15.506245662846517
110,200.22022022022023,107.86411332269897,15.89408372895278
111,200.22222222222223,108.78584084994276,16.28192179505904
112,200.22422422422423,109.70683424843797,16.67149997710757
113,200.22622622622623,110.62709023304858,17.062816885493046
114,200.22822822822823,111.54660552126886,17.455871124408205
115,200.23023023023023,112.47053533261622,17.83843315036428
116,200.23223223223223,113.39875994930371,18.21045339305998
117,200.23423423423424,114.33115909704689,18.571883648140794
118,200.23623623623624,115.27015924302746,18.915800390752235
119,200.23823823823824,116.21543145897165,19.242083148132973
120,200.24024024024024,117.16664461952278,19.550617624641408
121,200.24224224224224,118.1234655182333,19.841295741792997
122,200.24424424424424,119.08555898428574,20.114015676119763
123,200.24624624624624,120.05258799990183,20.36868189483866
124,200.24824824824825,121.02421381839855,20.60520518931636
125,200.25025025025025,122.00009608284985,20.823502706318724
126,200.25225225225225,122.97989294531244,21.023497977033948
127,200.25425425425425,123.96326118657385,21.205120943859338
128,200.25625625625625,124.94929006869701,21.37169538253152
129,200.25825825825825,125.93774931724843,21.523182391720933
130,200.26026026026025,126.92840809021364,21.6595465935742
131,200.26226226226225,127.92103503190734,21.780756141976152
132,200.26426426426426,128.91539832700363,21.886782729987114
133,200.26626626626626,129.91126575467348,21.9776015964536
134,200.26826826826826,130.9084047428169,22.053191531790976
135,200.27027027027026,131.90658242237728,22.113534882936687
136,200.27227227227226,132.90556568172482,22.158617557472905
137,200.27427427427426,133.90512122109698,22.188429026917625
138,200.27627627627626,134.90506018202734,22.19947775596154
139,200.27827827827826,135.9050303985737,22.191759853381058
140,200.2802802802803,136.90467969378594,22.165278037324526
141,200.2822822822823,137.90365600373846,22.120041634354937
142,200.2842842842843,138.902632313691,22.074805231385348
143,200.2862862862863,139.9016086236435,22.02956882841576
144,200.2882882882883,140.90058493359604,21.98433242544617
145,200.2902902902903,141.89956124354856,21.93909602247658
146,200.2922922922923,142.8985375535011,21.89385961950699
147,200.2942942942943,143.8975138634536,21.8486232165374
148,200.2962962962963,144.89649017340614,21.803386813567812
149,200.2982982982983,145.89605697097937,21.773955245665157
150,200.3003003003003,146.89596422304805,21.7603358748856
151,200.3023023023023,147.8959618113252,21.76253210799881
152,200.3043043043043,148.89579959492696,21.780543395635757
153,200.3063063063063,149.89522747294325,21.814365232426173
154,200.3083083083083,150.8939954469984,21.863989158125506
155,200.3103103103103,151.89185368378605,21.929402759731182
156,200.31231231231232,152.88855257756296,22.01058967458762
157,200.31431431431432,153.88384281258558,22.107529594479207
158,200.31631631631632,154.88042481115193,22.190139037846784
159,200.31831831831832,155.8780922496845,22.258400901957298
160,200.32032032032032,156.87663857988588,22.312301054474396
161,200.32232232232232,157.8758570715006,22.351828336384255
162,200.32432432432432,158.87554085511485,22.376974564305858
163,200.32632632632632,159.87548296498483,22.3877345321852
164,200.32832832832833,160.87547638188514,22.384106012373103
165,200.33033033033033,161.87531407596825,22.366089756086417
166,200.33233233233233,162.87478904962606,22.333689493252493
167,200.33433433433433,163.87369438034497,22.28691193173696
168,200.33633633633633,164.87182326354522,22.225766755955004
169,200.33833833833833,165.86896905539595,22.15026662486638
170,200.34034034034033,166.86492531559685,22.060427169354615
171,200.34234234234233,167.85981438206628,21.959453185479646
172,200.34434434434434,168.85351177764267,21.84735730676548
173,200.34634634634634,169.84589317426227,21.724153558270064
174,200.34834834834834,170.8368344085147,21.589857354830514
175,200.35035035035034,171.8262114971778,21.444485499134466
176,200.35235235235234,172.81390065273007,21.288056179617776
177,200.35435435435434,173.79977829883845,21.120588968188848
178,200.35635635635634,174.78372108581988,20.942104817779864
179,200.35835835835834,175.7656059060743,20.752626059725216
180,200.36036036036037,176.74530990948756,20.5521764009675
181,200.36236236236238,177.72130545464512,20.334385914874595
182,200.36436436436438,178.6932856329595,20.099323087179652
183,200.36636636636638,179.6609447985032,19.847061835023773
184,200.36836836836838,180.62397866412127,19.57768148371225
185,200.37037037037038,181.58208439711646,19.291266741770176
186,200.37237237237238,182.5349607144771,18.987907674305255
187,200.37437437437438,183.4823079776177,18.667699674686208
188,200.37637637637638,184.42382828660223,18.330743434545656
189,200.3783783783784,185.36830030350535,18.00215157632801
190,200.3803803803804,186.31564972155235,17.681949952150376
191,200.3823823823824,187.26580200758764,17.370163754024293
192,200.3843843843844,188.21868240793867,17.066817511873754
193,200.3863863863864,189.17421595429727,16.771935091605293
194,200.3883883883884,190.12917041106024,16.475182693959454
195,200.3903903903904,191.08354211868917,16.176561456138952
196,200.3923923923924,192.03732741987884,15.876072522508194
197,200.3943943943944,192.9905226595712,15.573717044588896
198,200.3963963963964,193.9431241849695,15.269496181055676
199,200.3983983983984,194.89512834555205,14.963411097731601
200,200.4004004004004,195.8465314930865,14.655462967583732
201,200.4024024024024,196.7973299816436,14.345652970718623
202,200.4044044044044,197.74406880012336,14.023650471375017
203,200.4064064064064,198.686591605935,13.689508644413833
204,200.4084084084084,199.62474275271177,13.343282669360727
205,200.4104104104104,200.55836731601406,12.985029721293866
206,200.4124124124124,201.48731111891345,12.614808961402138
207,200.4144144144144,202.4114207574531,12.232681527215393
208,200.4164164164164,203.33054362598054,11.838710522508311
209,200.4184184184184,204.24452794234872,11.432961006879571
210,200.4204204204204,205.15322277298108,11.01549998500803
211,200.42242242242241,206.05647805779628,10.586396395587713
212,200.42442442442442,206.95414463498895,10.145721099943394
213,200.42642642642642,207.84607426566188,9.693546870328717
214,200.42842842842842,208.73211965830603,9.229948377908716
215,200.43043043043042,209.61816505095018,8.766349885488715
216,200.43243243243242,210.50421044359433,8.302751393068714
217,200.43443443443442,211.38333397276148,7.826157414440485
218,200.43643643643642,212.25534504899292,7.336671272726892
219,200.43843843843842,213.12005462477316,6.834399086005434
220,200.44044044044045,213.9772752355144,6.319449744302396
221,200.44244244244246,214.8311144642776,5.7989129334761875
222,200.44444444444446,215.6815358917839,5.2728108562724465
223,200.44644644644646,216.52850324453604,4.741165952815208
224,200.44844844844846,217.37198039636516,4.204000899649753
225,200.45045045045046,218.21193136997195,3.661338608775374
226,200.45245245245246,219.0483203384611,3.113202226668095
227,200.45445445445446,219.88111162686954,2.559615133293394
228,200.45645645645646,220.7211524784426,2.017091983844074
229,200.45845845845847,221.56829591373477,1.48572770197956
230,200.46046046046047,222.42239371058258,0.9656152589254552
231,200.46246246246247,223.28329643003866,0.45684565720664183
232,200.46446446446447,224.15085344251858,-0.04049208527515841
233,200.46646646646647,225.02491295415612,-0.5263109508165823
234,200.46846846846847,225.9053220333621,-1.0005259371378532
235,200.47047047047047,226.79192663758243,-1.4630540722553764
236,200.47247247247248,227.6845716402505,-1.9138144289991006
237,200.47447447447448,228.58310085792914,-2.352728139172103
238,200.47647647647648,229.4873570776376,-2.779718407349924
239,200.47847847847848,230.39718208435866,-3.194710524317232
240,200.48048048048048,231.31241668872104,-3.597631880139475
241,200.48248248248248,232.23290075485227,-3.9884119768672206
242,200.48448448448448,233.15847322839716,-4.366982440870976
243,200.48648648648648,234.0887938296279,-4.733729736601518
244,200.48848848848849,235.02371153771784,-5.088594329227835
245,200.4904904904905,235.96307458558266,-5.4315186128621695
246,200.4924924924925,236.906730484517,-5.762446919911296
247,200.4944944944945,237.85452604894834,-6.081325530113155
248,200.4964964964965,238.80630742130387,-6.388102679257369
249,200.4984984984985,239.76192009698647,-6.682728567588238
250,200.5005005005005,240.72120894945581,-6.965155367888825
251,200.5025025025025,241.6840182554104,-7.235337233244856
252,200.5045045045045,242.64682756136497,-7.505519098600886
253,200.5065065065065,243.60963686731955,-7.775700963956917
254,200.5085085085085,244.56889041633193,-8.058247648076865
255,200.5105105105105,245.5259956510644,-8.347988169315588
256,200.5125125125125,246.48089862280003,-8.644906196000454
257,200.5145145145145,247.43354550695585,-8.948984991887633
258,200.5165165165165,248.38388260611674,-9.260207417105466
259,200.5185185185185,249.33185635306216,-9.578555929120578
260,200.52052052052053,250.27924809183025,-9.898632315806617
261,200.52252252252254,251.22362638793336,-10.227493432160319
262,200.52452452452454,252.16490978656003,-10.565110913150061
263,200.52652652652654,253.10301709984083,-10.911455638487528
264,200.52852852852854,254.03786741385107,-11.2664977351394
265,200.53053053053054,254.96938009558977,-11.630206579903971
266,200.53253253253254,255.89747479993443,-12.002550802052477
267,200.53453453453454,256.82207147657107,-12.383498286034888
268,200.53653653653654,257.7430903768986,-12.773016174249946
269,200.53853853853855,258.6604520609074,-13.171070869879218
270,200.54054054054055,259.5740774040313,-13.57762803978489
271,200.54254254254255,260.4881509182383,-13.983176570327396
272,200.54454454454455,261.40267148999436,-14.387715967463182
273,200.54654654654655,262.3176380052207,-14.79124573837803
274,200.54854854854855,263.23304934929536,-15.193765391487664
275,200.55055055055055,264.1489044070544,-15.595274436438341
276,200.55255255255256,265.0652020627934,-15.995772384107452
277,200.55455455455456,265.9819412002688,-16.395258746604117
278,200.55655655655656,266.89912070269924,-16.79373303726978
279,200.55855855855856,267.81673945276674,-17.19119477067881
280,200.56056056056056,268.73479633261843,-17.58764346263907
281,200.56256256256256,269.65329022386754,-17.983078630192527
282,200.56456456456456,270.57222000759504,-18.377499791615836
283,200.56656656656656,271.49158456435083,-18.770906466420925
284,200.56856856856857,272.4113827741552,-19.163298175355578
285,200.57057057057057,273.3316135165001,-19.554674440404025
286,200.57257257257257,274.2575436366407,-19.932369307481085
287,200.57457457457457,275.18896974147265,-20.29629981078853
288,200.57657657657657,276.12568723062395,-20.64638600805724
289,200.57857857857857,277.0674903413984,-20.982550998107627
290,200.58058058058057,278.01417219397405,-21.30472093774199
291,200.58258258258257,278.9604993261101,-21.627931332041385
292,200.58458458458458,279.9064705942909,-21.95218179044726
293,200.58658658658658,280.8520848554308,-22.277471921144276
294,200.58858858858858,281.7973409668755,-22.603801331060783
295,200.59059059059058,282.7422377864035,-22.931169625869302
296,200.59259259259258,283.6867741722275,-23.259576409986984
297,200.59459459459458,284.6313105580515,-23.587983194104666
298,200.59659659659658,285.5758469438755,-23.916389978222348
299,200.59859859859858,286.5203833296995,-24.24479676234003
300,200.60060060060061,287.4649197155235,-24.573203546457712
301,200.60260260260262,288.4094561013475,-24.901610330575394
302,200.60460460460462,289.35399248717147,-25.230017114693077
303,200.60660660660662,290.29852887299546,-25.55842389881076
304,200.60860860860862,291.24306525881946,-25.88683068292844
305,200.61061061061062,292.18760164464345,-26.215237467046123
306,200.61261261261262,293.13213803046744,-26.543644251163805
307,200.61461461461462,294.07667441629144,-26.872051035281487
308,200.61661661661662,295.02121080211543,-27.20045781939917
309,200.61861861861863,295.9657471879394,-27.52886460351685
310,200.62062062062063,296.9102835737634,-27.857271387634533
311,200.62262262262263,297.8548199595874,-28.185678171752215
312,200.62462462462463,298.7993563454114,-28.514084955869897
313,200.62662662662663,299.7438927312354,-28.84249173998758
314,200.62862862862863,300.6884291170594,-29.17089852410526
315,200.63063063063063,301.6329655028834,-29.499305308222944
316,200.63263263263264,302.5775018887074,-29.827712092340626
317,200.63463463463464,303.5220382745314,-30.156118876458308
318,200.63663663663664,304.4665746603554,-30.48452566057599
319,200.63863863863864,305.41111104617937,-30.812932444693672
320,200.64064064064064,306.35564743200337,-31.141339228811354
321,200.64264264264264,307.30018381782736,-31.469746012929036
322,200.64464464464464,308.24472020365135,-31.79815279704672
323,200.64664664664664,309.18925658947535,-32.1265595811644
324,200.64864864864865,310.13379297529934,-32.45496636528208
325,200.65065065065065,311.07832936112334,-32.783373149399765
326,200.65265265265265,312.0164524605087,-33.12967511358653
327,200.65465465465465,312.9478232660568,-33.49374711549369
328,200.65665665665665,313.87210521043,-33.87545759125468
329,200.65865865865865,314.7889642879762,-34.27466860302798
330,200.66066066066065,315.6980691754278,-34.69123588884341
331,200.66266266266265,316.599091351631,-35.12500891473371
332,200.66466466466466,317.50454784312836,-35.54944800577649
333,200.66666666666666,318.41434196030315,-35.96450783803464
334,200.66866866866866,319.328376550343,-36.37014408913982
335,200.67067067067066,320.2465540076147,-36.76631344302544
336,200.67267267267266,321.16877628408673,-37.15297359455217
337,200.67467467467466,322.0949448997998,-37.53008325402556
338,200.67667667667666,323.02496095338273,-37.89760215160513
339,200.67867867867866,323.95497700696563,-38.2651210491847
340,200.6806806806807,324.88499306054854,-38.63263994676427
341,200.6826826826827,325.81500911413144,-39.000158844343844
342,200.6846846846847,326.74502516771435,-39.367677741923416
343,200.6866866866867,327.67504122129725,-39.73519663950299
344,200.6886886886887,328.60505727488015,-40.10271553708256
345,200.6906906906907,329.53507332846306,-40.47023443466213
346,200.6926926926927,330.46508938204596,-40.837753332241704
347,200.6946946946947,331.39510543562886,-41.205272229821276
348,200.6966966966967,332.32512148921177,-41.57279112740085
349,200.6986986986987,333.25513754279467,-41.94031002498042
350,200.7007007007007,334.1851535963776,-42.30782892255999
351,200.7027027027027,335.1151696499605,-42.675347820139564
352,200.7047047047047,336.0451857035434,-43.042866717719136
353,200.7067067067067,336.9752017571263,-43.41038561529871
354,200.7087087087087,337.9052178107092,-43.77790451287828
355,200.7107107107107,338.8352338642921,-44.14542341045785
356,200.71271271271272,339.76623489432683,-44.51043996086928
357,200.71471471471472,340.69821416788847,-44.87295152434209
358,200.71671671671672,341.6311649449775,-45.23295547922167
359,200.71871871871872,342.56508047856863,-45.590449221988244
360,200.72072072072072,343.4999540146594,-45.94543016727566
361,200.72272272272272,344.43577879231924,-46.297895747890145
362,200.72472472472472,345.3725480437383,-46.64784341482883
363,200.72672672672672,346.31025499427625,-46.99527063729819
364,200.72872872872873,347.2488928625115,-47.34017490273237
365,200.73073073073073,348.1884548602902,-47.68255371681133
366,200.73273273273273,349.12893419277515,-48.022404603478876
367,200.73473473473473,350.07032405849503,-48.35972510496061
368,200.73673673673673,351.01261764939375,-48.69451278178166
369,200.73873873873873,351.9558081508794,-49.02676521278435
370,200.74074074074073,352.89988874187384,-49.356479995145676
371,200.74274274274273,353.83788112432387,-49.70313586263637
372,200.74474474474474,354.7694813261816,-50.06662047565123
373,200.74674674674674,355.6943874468918,-50.44681604094987
374,200.74874874874874,356.61229975522764,-50.843599349829624
375,200.75075075075074,357.5229207864236,-51.256841818053346
376,200.75275275275274,358.42595543857385,-51.68640952751928
377,200.75475475475474,359.32111106826517,-52.13216326965946
378,200.75675675675674,360.20809758541253,-52.59395859055254
379,200.75875875875874,361.086627547268,-53.07164583773653
380,200.76076076076077,361.95641625157106,-53.56507020870614
381,200.76276276276278,362.81718182881133,-54.0740718010791
382,200.76476476476478,363.6686453335729,-54.59848566441523
383,200.76676676676678,364.5243825894395,-55.11589628367417
384,200.76876876876878,365.38433599641456,-55.626268831752526
385,200.77077077077078,366.24844767071085,-56.12956895528214
386,200.77277277277278,367.1166594486465,-56.625762776942395
387,200.77477477477478,367.98891289056024,-57.11481689774053
388,200.77677677677679,368.8651492847448,-57.59669839925974
389,200.7787787787788,369.7483137867198,-58.06576178778123
390,200.7807807807808,370.6382188982783,-58.5219074798819
391,200.7827827827828,371.53467569016385,-58.96503863460047
392,200.7847847847848,372.4374938421806,-59.39506117399706
393,200.7867867867868,373.34648168359865,-59.811883803126186
394,200.7887887887888,374.2614462338465,-60.21541802941894
395,200.7907907907908,375.18219324348127,-60.6055781814702
396,200.7927927927928,376.1085272354282,-60.98228142722688
397,200.7947947947948,377.0402515464813,-61.34544779157342
398,200.7967967967968,377.97716836905505,-61.6950001733107
399,200.7987987987988,378.91907879318,-62.03086436152487
400,200.8008008008008,379.86578284873144,-62.35296905134247
401,200.8028028028028,380.8170795478838,-62.66124585906869
402,200.8048048048048,381.76837624703614,-62.969522666794916
403,200.8068068068068,382.7196729461885,-63.27779947452114
404,200.8088088088088,383.67096964534085,-63.58607628224736
405,200.8108108108108,384.6222663444932,-63.894353089973585
406,200.8128128128128,385.57356304364555,-64.20262989769981
407,200.8148148148148,386.5248597427979,-64.51090670542604
408,200.8168168168168,387.47615644195025,-64.81918351315227
409,200.8188188188188,388.4274531411026,-65.1274603208785
410,200.8208208208208,389.37874984025495,-65.43573712860473
411,200.82282282282281,390.3300465394073,-65.74401393633096
412,200.82482482482482,391.28134323855966,-66.05229074405719
413,200.82682682682682,392.232639937712,-66.36056755178342
414,200.82882882882882,393.18393663686436,-66.66884435950965
415,200.83083083083082,394.1352333360167,-66.97712116723588
416,200.83283283283282,395.08653003516906,-67.28539797496211
417,200.83483483483482,396.0378267343214,-67.59367478268834
418,200.83683683683682,396.98912343347376,-67.90195159041457
419,200.83883883883883,397.9356522153869,-68.22457097143507
420,200.84084084084085,398.88158510504354,-68.548933374105
421,200.84284284284286,399.82691889269285,-68.87503769779396
422,200.84484484484486,400.7716503706168,-69.2028828359608
423,200.84684684684686,401.71577633314115,-69.53246767615748
424,200.84884884884886,402.6592935766463,-69.86379110003273
425,200.85085085085086,403.6021988995782,-70.1968519833359
426,200.85285285285286,404.5444891024591,-70.53164919592082
427,200.85485485485486,405.4861609878986,-70.86818160174954
428,200.85685685685687,406.42721136060425,-71.20644805889624
429,200.85885885885887,407.36763702739256,-71.5464474195511
430,200.86086086086087,408.3074347971999,-71.88817853002419
431,200.86286286286287,409.2466014810931,-72.23164023074939
432,200.86486486486487,410.1851338922804,-72.57683135628832
433,200.86686686686687,411.12302884612245,-72.9237507353343
434,200.86886886886887,412.0547075007722,-73.28703421207103
435,200.87087087087087,412.97998564559225,-73.66632348784668
436,200.87287287287288,413.8985883322119,-74.06150585604544
437,200.87487487487488,414.81024259588713,-74.47246388738529
438,200.87687687687688,415.71467753661267,-74.8990754648123
439,200.87887887887888,416.6116243996204,-75.341213819788
440,200.88088088088088,417.5008166552404,-75.7987475699589
441,200.88288288288288,418.3900089108604,-76.25628132012982
442,200.88488488488488,419.2792011664804,-76.71381507030073
443,200.88688688688688,420.1683934221004,-77.17134882047164
444,200.88888888888889,421.0575856777204,-77.62888257064255
445,200.8908908908909,421.9467779333404,-78.08641632081346
446,200.8928928928929,422.8359701889604,-78.54395007098437
447,200.8948948948949,423.7251624445804,-79.00148382115528
448,200.8968968968969,424.6143547002004,-79.45901757132619
449,200.8988988988989,425.5035469558204,-79.9165513214971
450,200.9009009009009,426.3927392114404,-80.374085071668
451,200.9029029029029,427.2819314670604,-80.83161882183892
452,200.9049049049049,428.1711237226804,-81.28915257200983
453,200.9069069069069,429.0603159783004,-81.74668632218074
454,200.9089089089089,429.9495082339204,-82.20422007235165
455,200.9109109109109,430.8457570033507,-82.64777180923784
456,200.9129129129129,431.7488424447602,-83.07723273355356
457,200.9149149149149,432.65854303934344,-83.49249750236373
458,200.9169169169169,433.57463564565654,-83.89346425492364
459,200.9189189189189,434.4962186345538,-84.28164564883004
460,200.92092092092093,435.42311357863224,-84.65696652840093
461,200.92292292292294,436.3551410220427,-85.01935422787462
462,200.92492492492494,437.2921205152344,-85.36873858547847
463,200.92692692692694,438.23387064989174,-85.70505195701294
464,200.92892892892894,439.1802090940567,-86.02822922894813
465,200.93093093093094,440.13095262742996,-86.33820783103042
466,200.93293293293294,441.08054801697267,-86.65168605381344
467,200.93493493493494,442.0289823808733,-86.9686596447835
468,200.93693693693695,442.9742729067934,-87.29488935159404
469,200.93893893893895,443.91632926333966,-87.63034399993076
470,200.94094094094095,444.85838561988595,-87.96579864826748
471,200.94294294294295,445.80044197643224,-88.3012532966042
472,200.94494494494495,446.7424983329785,-88.63670794494092
473,200.94694694694695,447.6845546895248,-88.97216259327764
474,200.94894894894895,448.6266110460711,-89.30761724161437
475,200.95095095095095,449.5686674026174,-89.64307188995109
476,200.95295295295296,450.5107237591637,-89.97852653828781
477,200.95495495495496,451.45278011570997,-90.31398118662453
478,200.95695695695696,452.39483647225626,-90.64943583496125
479,200.95895895895896,453.33689282880255,-90.98489048329797
480,200.96096096096096,454.27894918534884,-91.3203451316347
481,200.96296296296296,455.2210055418951,-91.65579977997142
482,200.96496496496496,456.1630618984414,-91.99125442830814
483,200.96696696696696,457.1051182549877,-92.32670907664486
484,200.96896896896897,458.047174611534,-92.66216372498158
485,200.97097097097097,458.9892309680803,-92.9976183733183
486,200.97297297297297,459.93128732462657,-93.33307302165503
487,200.97497497497497,460.87334368117286,-93.66852766999175
488,200.97697697697697,461.81540003771914,-94.00398231832847
489,200.97897897897897,462.75745639426543,-94.33943696666519
490,200.98098098098097,463.6995127508117,-94.67489161500191
491,200.98298298298297,464.641569107358,-95.01034626333863
492,200.98498498498498,465.5836254639043,-95.34580091167535
493,200.98698698698698,466.5256818204506,-95.68125556001208
494,200.98898898898898,467.4677381769969,-96.0167102083488
495,200.99099099099098,468.40979453354316,-96.35216485668552
496,200.99299299299298,469.35185089008945,-96.68761950502224
497,200.99499499499498,470.29390724663574,-97.02307415335896
498,200.99699699699698,471.23596360318203,-97.35852880169568
499,200.99899899899899,472.1780199597283,-97.6939834500324
500,201.00100100100101,473.1200763162746,-98.02943809836913
501,201.00300300300302,474.0621326728209,-98.36489274670585
502,201.00500500500502,475.0041890293672,-98.70034739504257
503,201.00700700700702,475.94624538591347,-99.03580204337929
504,201.00900900900902,476.8948219831716,-99.35234973194177
505,201.01101101101102,477.8495394031501,-99.64986384587517
506,201.01301301301302,478.81001577161044,-99.92822538350072
507,201.01501501501502,479.7758669108114,-100.1873230039148
508,201.01701701701703,480.7467064931751,-100.42705307152383
509,201.01901901901903,481.722146195813,-100.64731969749714
510,201.02102102102103,482.70179585584975,-100.84803477812117
511,201.02302302302303,483.6852636264831,-101.02911803003985
512,201.02502502502503,484.6721561337176,-101.19049702236683
513,201.02702702702703,485.66207863370863,-101.33210720565685
514,201.02902902902903,486.65463517065507,-101.45389193772472
515,201.03103103103103,487.64942873517606,-101.55580250630138
516,201.03303303303304,488.64606142310953,-101.63779814851819
517,201.03503503503504,489.6441345946685,-101.69984606721152
518,201.03703703703704,490.6432490338919,-101.7419214440412
519,201.03903903903904,491.6430051083253,-101.76400744941748
520,201.04104104104104,492.6430029288689,-101.76609524923269
521,201.04304304304304,493.6428425097276,-101.74818400839476
522,201.04504504504504,494.6421239284,-101.71028089116119
523,201.04704704704704,495.6404474856423,-101.65240105827351
524,201.04904904904905,496.63741386534235,-101.57456766089317
525,201.05105105105105,497.632624294241,-101.47681183134132
526,201.05305305305305,498.62568070143595,-101.35917267064643
527,201.05505505505505,499.61618587760495,-101.22169723290425
528,201.05705705705705,500.60374363388405,-101.0644405064569
529,201.05905905905905,501.587958960338,-100.88746539189823
530,201.06106106106105,502.568438183959,-100.69084267691444
531,201.06306306306305,503.5447891261304,-100.47465100796991
532,201.06506506506506,504.5166212594932,-100.2389768588497
533,201.06706706706706,505.4835458641516,-99.98391449607118
534,201.06906906906906,506.445176183156,-99.70956594117868
535,201.07107107107106,507.4011275772002,-99.41604092993622
536,201.07307307307306,508.35101767847254,-99.10345686843468
537,201.07507507507506,509.29446654359754,-98.77193878613093
538,201.07707707707706,510.2310968056083,-98.42161928583772
539,201.07907907907907,511.1605338248882,-98.05263849068429
540,201.0810810810811,512.0824058390219,-97.66514398806902
541,201.0830830830831,512.9963441114952,-97.25929077062645
542,201.0850850850851,513.9019830791848,-96.83524117423224
543,201.0870870870871,514.7989604985786,-96.39316481307102
544,201.0890890890891,515.6869175906685,-95.93323851179301
545,201.0910910910911,516.5654991844568,-95.45564623478641
546,201.0930930930931,517.4343538590203,-94.96057901259425
547,201.0950950950951,518.2931340840738,-94.44823486550459
548,201.0970970970971,519.1414963589775,-93.91881872434509
549,201.0990990990991,519.9791013501327,-93.37254234851342
550,201.1011011011011,520.805614026711,-92.80962424127634
551,201.1031031031031,521.6207037946617,-92.23028956237127
552,201.1051051051051,522.4240446289454,-91.6347700379454
553,201.1071071071071,523.2153152039393,-91.02330386786836
554,201.1091091091091,523.9941990219637,-90.3961356304554
555,201.11111111111111,524.7603845398763,-89.75351618463937
556,201.11311311311312,525.5135652936857,-89.09570256963042
557,201.11511511511512,526.2534400211325,-88.42295790210385
558,201.11711711711712,526.9797127821907,-87.73555127095685
559,201.11911911911912,527.6920930774394,-87.03375762967657
560,201.12112112112112,528.3902959642587,-86.31785768636242
561,201.12312312312312,529.0740421708032,-85.5881377914465
562,201.12512512512512,529.7430582077067,-84.84488982315732
563,201.12712712712712,530.3970764774745,-84.08841107077234
564,201.12912912912913,531.0358353815188,-83.31900411570628
565,201.13113113113113,531.6590794247949,-82.53697671048255
566,201.13313313313313,532.266559317995,-81.74264165563633
567,201.13513513513513,532.8580320772616,-80.93631667459857
568,201.13713713713713,533.4332611213771,-80.11832428661083
569,201.13913913913913,533.9920163663936,-79.28899167772188
570,201.14114114114113,534.534074317663,-78.44865056991767
571,201.14314314314313,535.0592181592322,-77.59763708843691
572,201.14514514514514,535.5672378405662,-76.7362916273255
573,201.14714714714714,536.0579301605662,-75.86495871328343
574,201.14914914914914,536.5310988488466,-74.9839868678587
575,201.15115115115114,536.9865546442409,-74.09372846804335
576,201.15315315315314,537.4241153705035,-73.19453960532735
577,201.15515515515514,537.8436060091782,-72.28677994326677
578,201.15715715715714,538.2448587696025,-71.37081257362311
579,201.15915915915915,538.6277131560222,-70.44700387113151
580,201.16116116116117,538.9920160317874,-69.51572334695568
581,201.16316316316318,539.3376216806051,-68.57734350088839
582,201.16516516516518,539.6643918648239,-67.63223967235649
583,201.16716716716718,539.9721958807268,-66.68078989029017
584,201.16916916916918,540.2609106108115,-65.72337472191644
585,201.17117117117118,540.5304205730355,-64.76037712053729
586,201.17317317317318,540.7806179670073,-63.79218227235346
587,201.17517517517518,541.0114027171053,-62.81917744239514
588,201.17717717717719,541.2226825125065,-61.84175181962108
589,201.1791791791792,541.4143728441097,-60.86029636124823
590,201.1811811811812,541.5863970383382,-59.87520363637404
591,201.1831831831832,541.7386862878078,-58.88686766895406
592,201.1851851851852,541.8711796788493,-57.89568378019763
593,201.1871871871872,541.9838242158729,-56.90204843044464
594,201.1891891891892,542.0765748425656,-55.90635906058669
595,201.1911911911912,542.1493944599134,-54.90901393309605
596,201.1931931931932,542.2022539410402,-53.91041197272595
597,201.1951951951952,542.2351321428584,-52.91095260694603
598,201.1971971971972,542.2480159145258,-51.911035606176654
599,201.1991991991992,542.2409001027053,-50.911060923886076
600,201.2012012012012,542.2137875536268,-49.9114285366144
601,201.2032032032032,542.1666891119485,-48.91253828398828
602,201.2052052052052,542.099623616419,-47.91478970879041
603,201.2072072072072,542.0126178923424,-46.918581897147725
604,201.2092092092092,541.9057067408482,-45.92431331890229
605,201.2112112112112,541.7789329249717,-44.93238166822867
606,201.2132132132132,541.6323471525488,-43.94318370456155
607,201.2152152152152,541.4660080559341,-42.957115093897265
608,201.2172172172172,541.2799821685484,-41.97457025053268
609,201.2192192192192,541.0743438982662,-40.99594217930471
610,201.2212212212212,540.849175497654,-40.02162231839366
611,201.22322322322321,540.6045670310697,-39.05200038275313
612,201.22522522522522,540.3406163386386,-38.08746420822925
613,201.22722722722722,540.0574289971184,-37.12839959643152
614,201.22922922922922,539.7551182776699,-36.17519016041731
615,201.23123123123122,539.4338051005501,-35.22821717125173
616,201.23323323323322,539.0936179867458,-34.28785940550431
617,201.23523523523522,538.7346930065667,-33.354492993743406
618,201.23723723723722,538.3571737252192,-32.42849127008901
619,201.23923923923923,537.9612111453825,-31.510224622884056
620,201.24124124124126,537.546963646809,-30.600060346544034
621,201.24324324324326,537.1145969229749,-29.698362494644115
622,201.24524524524526,536.6642839148049,-28.80549173430259
623,201.24724724724726,536.1962047414981,-27.9218052019188
624,201.24924924924926,535.710546628483,-27.047656360323376
625,201.25125125125126,535.2075038325295,-26.183394857397793
626,201.25325325325326,534.6872775640486,-25.32936638621989
627,201.25525525525526,534.1500759066116,-24.485912546791234
628,201.25725725725727,533.5961137337189,-23.653370709401702
629,201.25925925925927,533.0256126228535,-22.832073879685844
630,201.26126126126127,532.4388007668532,-22.02235056542506
631,201.26326326326327,531.8359128826363,-21.224524645148893
632,201.26526526526527,531.2171901173182,-20.438915238587914
633,201.26726726726727,530.5828799517554,-19.665836579030096
634,201.26926926926927,529.9332361015569,-18.905597887631682
635,201.27127127127127,529.2685184156007,-18.158503249732853
636,201.27327327327328,528.5889927720988,-17.42485149322764
637,201.27527527527528,527.8949309722481,-16.704936069036748
638,201.27727727727728,527.1866106315144,-15.999044933731115
639,201.27927927927928,526.4643150685902,-15.307460434353104
640,201.28128128128128,525.72833319207,-14.630459195481462
641,201.28328328328328,524.9789593848914,-13.968312008585176
642,201.28528528528528,524.2164933865857,-13.321283723710492
643,201.28728728728728,523.4412401733864,-12.68963314354443
644,201.2892892892893,522.653509836242,-12.073612919897164
645,201.2912912912913,521.8536174567846,-11.473469452644656
646,201.2932932932933,521.0418829813007,-10.889442791172003
647,201.2952952952953,520.2186310927576,-10.321766538356876
648,201.2972972972973,519.3841910809342,-9.770667757131484
649,201.2992992992993,518.5388967107094,-9.236366879660432
650,201.3013013013013,517.683086088561,-8.719077619170791
651,201.3033033033033,516.8171015273272,-8.21900688446966
652,201.3053053053053,515.941289409286,-7.736354697183398
653,201.3073073073073,515.0560000476074,-7.271314111751642
654,201.3093093093093,514.1615875462325,-6.824071138208107
655,201.3113113113113,513.2584096582362,-6.39480466777905
656,201.3133133133133,512.3468276427318,-5.983686401329167
657,201.3153153153153,511.427206120371,-5.590880780683532
658,201.3173173173173,510.4999129275014,-5.216544922853068
659,201.3193193193193,509.56531896903635,-4.8608285571898255
660,201.32132132132134,508.6237980700982,-4.52387396549725
661,201.32332332332334,507.6757268264931,-4.205815925119351
662,201.32532532532534,506.72148445407765,-3.9067816550315615
663,201.32732732732734,505.7614526370778,-3.626890764954846
664,201.32932932932934,504.7960153754201,-3.366255207513407
665,201.33133133133134,503.82555883113685,-3.1249792334551265
666,201.33333333333334,502.8504711739065,-2.9031593499526576
667,201.33533533533534,501.871142425791,-2.700884282001842
668,201.33733733733735,500.887964305232,-2.5182349369328954
669,201.33933933933935,499.90133007036894,-2.355284372048553
670,201.34134134134135,498.91163436174077,-2.212097765402124
671,201.34334334334335,497.91927304443516,-2.0887323897271366
672,201.34534534534535,496.9246430497477,-1.985237589529012
673,201.34734734734735,495.92814221641476,-1.9016547613479167
674,201.34934934934935,494.9301691314831,-1.8380173372007003
675,201.35135135135135,493.9311229708807,-1.794350771208534
676,201.35335335335336,492.9314033397513,-1.7706725294156018
677,201.35535535535536,491.93141011261787,-1.766992082802915
678,201.35735735735736,490.93154327343825,-1.783310903500047
679,201.35935935935936,489.9315498709164,-1.779678423243727
680,201.36136136136136,488.93182797285414,-1.756096088016926
681,201.36336336336336,487.93277553897525,-1.7125732852499211
682,201.36536536536536,486.93479026250975,-1.649127340083438
683,201.36736736736736,485.93826941188377,-1.5657835084720253
684,201.36936936936937,484.9402810932752,-1.5023854334159423
685,201.37137137137137,483.94122448870513,-1.4589584732999152
686,201.37337337337337,482.9414992074948,-1.4355199983289721
687,201.37537537537537,481.9415051264273,-1.4320793835805925
688,201.37737737737737,480.9416422298018,-1.4486380052548016
689,201.37937937937937,479.9416467661046,-1.445625932049666
690,201.38138138138137,478.9419017632702,-1.4230443176785983
691,201.38338338338338,477.9427901532992,-1.3809018115699458
692,201.38538538538538,476.9446946255839,-1.3192145555540047
693,201.38738738738738,475.9479974803271,-1.2380061776802185
694,201.38938938938938,474.94987560857294,-1.176746654942813
695,201.39139139139138,473.9507282457621,-1.1354604903341003
696,201.39339339339338,472.9509550375178,-1.1141641977694494
697,201.39539539539538,471.95095587979336,-1.112866295481939
698,201.39739739739738,470.9511307589186,-1.1315673026151791
699,201.39939939939939,469.95113160119416,-1.1302694003276688
700,201.40140140140142,468.9513583929499,-1.1089731077630178
701,201.40340340340342,467.95221103013904,-1.0676869431543052
702,201.40540540540542,466.9540891583849,-1.0064274204168997
703,201.40740740740742,465.95739201312807,-0.9252190425431136
704,201.40940940940942,464.9592701413739,-0.8639595198057082
705,201.41141141141142,463.96012277856306,-0.8226733551969956
706,201.41341341341342,462.9603495703188,-0.8013770626323445
707,201.41541541541542,461.9603504125943,-0.8000791603448341
708,201.41741741741743,460.9605252917196,-0.8187801674780741
709,201.41941941941943,459.96052613399513,-0.8174822651905637
710,201.42142142142143,458.96075292575085,-0.7961859726259126
711,201.42342342342343,457.96160556294,-0.7548998080172
712,201.42542542542543,456.96348369118584,-0.6936402852797946
713,201.42742742742743,455.96678654592904,-0.6124319074060085
714,201.42942942942943,454.9686646741749,-0.5511723846686031
715,201.43143143143143,453.96951731136403,-0.5098862200598905
716,201.43343343343344,452.96974410311975,-0.48858992749523944
717,201.43543543543544,451.9697449453953,-0.487292025207729
718,201.43743743743744,450.96991982452056,-0.505993032340969
719,201.43943943943944,449.9699204539739,-0.5048710224427504
720,201.44144144144144,448.97013981587503,-0.4839264364431788
721,201.44344344344344,447.9709708063859,-0.44316750519523995
722,201.44544544544544,446.972806081309,-0.38261024624021933
723,201.44744744744744,445.97603790178084,-0.30227845751309085
724,201.44944944944945,444.9778625405759,-0.24189676920107395
725,201.45145145145145,443.9786792545299,-0.20148933317441498
726,201.45345345345345,442.9788877036349,-0.18107231186876596
727,201.45545545545545,441.9788877911809,-0.18065387182042583
728,201.45745745745745,440.9790795037998,-0.20023418039983482
729,201.45945945945945,439.97907959134585,-0.1998157403514947
730,201.46146146146145,438.97928804045085,-0.17939871904584567
731,201.46346346346346,437.9801047544048,-0.1389912830191867
732,201.46546546546546,436.9819293931999,-0.0786095947071698
733,201.46746746746746,435.98516121367174,0.00172219401995867
734,201.46946946946946,434.9901989098021,0.1019719515177841
735,201.47147147147146,433.9974404532465,0.22209957921995294
736,201.47347347347346,433.00728293415096,0.3620570276770647
737,201.47547547547546,432.02012240232125,0.521788315775811
738,201.47747747747746,431.0363537088081,0.7012295531306744
739,201.47947947947947,430.05637034797223,0.9003089656392308
740,201.4814814814815,429.0805643000916,1.1189469241908336
741,201.4834834834835,428.1093258745749,1.3570559765171963
742,201.4854854854855,427.1430435538426,1.6145408821721332
743,201.4874874874875,426.18210383793934,1.8912986506264686
744,201.4894894894895,425.2268910899392,2.187218582462875
745,201.4914914914915,424.2777873822054,2.5021823136541643
746,201.4934934934935,423.33517234356646,2.836063862907321
747,201.4954954954955,422.3994230074698,3.188729682054338
748,201.4974974974975,421.47091366117337,3.560038709469705
749,201.4994994994995,420.5500156960357,3.949842426493176
750,201.5015015015015,419.6370974589644,4.357984916835257
751,201.5035035035035,418.7325241050822,4.784302928941637
752,201.5055055055055,417.83665745166985,5.228625941291638
753,201.5075075075075,416.949855833444,5.6907762306045475
754,201.5095095095095,416.0724739592281,6.170568942926563
755,201.51151151151151,415.2048627700735,6.667812167569906
756,201.51351351351352,414.3473692988878,7.18230701387454
757,201.51551551551552,413.5003365316266,7.713847690761785
758,201.51751751751752,412.664103270103,8.262221589047998
759,201.51951951951952,411.83900399647206,8.82720936648542
760,201.52152152152152,411.025368739442,9.408585035496147
761,201.52352352352352,410.2235229422674,10.006116053564146
762,201.52552552552552,409.4337873325759,10.619563416249163
763,201.52752752752752,408.65647779408175,11.248681752785314
764,201.52952952952953,407.8919052402364,11.893219424226118
765,201.53153153153153,407.1403754898671,12.552918624096717
766,201.53353353353353,406.4021891448538,13.227515481513038
767,201.53553553553553,405.67764146989225,13.916740166726617
768,201.53753753753753,404.9670222743918,14.62031699905291
769,201.53953953953953,404.2706157965559,15.337964557139886
770,201.54154154154153,403.58870058969035,16.069395791532816
771,201.54354354354354,402.9215494107859,16.81431813949023
772,201.54554554554554,402.2694291114188,17.57243364200511
773,201.54754754754754,401.632600531014,18.34343906298452
774,201.54954954954954,401.0113183925128,19.127026010540007
775,201.55155155155154,400.40583120048683,19.922881060340234
776,201.55355355355354,399.8163811417399,20.73068588097654
777,201.55555555555554,399.2432039884363,21.550117361291257
778,201.55755755755754,398.68652900379504,22.380847739617867
779,201.55955955955955,398.1465788503878,23.222544734881296
780,201.56156156156158,397.6235695010767,24.074871679505918
781,201.56356356356358,397.11771015262804,24.93748765407809
782,201.56556556556558,396.62920314203654,25.810047623709373
783,201.56756756756758,396.1582438655931,26.692202576045897
784,201.56956956956958,395.7050207007289,27.583599660868632
785,201.57157157157158,395.26971493066696,28.483882331228788
786,201.57357357357358,394.8525006719114,29.39269048606183
787,201.57557557557558,394.45354480460287,30.309660614223105
788,201.57757757757759,394.073006905769,31.23442593988745
789,201.5795795795796,393.71103918549545,32.16661656925464
790,201.5815815815816,393.3677864260443,33.10585963850198
791,201.5835835835836,393.0433859239426,34.05177946292484
792,201.5855855855856,392.7379674350659,35.00399768720554
793,201.5875875875876,392.45165312273764,35.96213343675045
794,201.5895895895896,392.1845575088652,36.925803470034715
795,201.5915915915916,391.93678742813296,37.89462233189379
796,201.5935935935936,391.7084419852696,38.86820250770035
797,201.5955955955956,391.4996125154077,39.84615457836497
798,201.5975975975976,391.3103825475509,40.82808737609855
799,201.5995995995996,391.14082777116323,41.81360814087428
800,201.6016016016016,390.9910160058946,42.80232267752634
801,201.6036036036036,390.8610071744537,43.79383551342276
802,201.6056056056056,390.75085327863957,44.78775005664918
803,201.6076076076076,390.6605983785419,45.78366875464032
804,201.6096096096096,390.5902785749174,46.78119325319572
805,201.6116116116116,390.5399219947499,47.77992455581611
806,201.6136136136136,390.50954877999993,48.779463183296684
807,201.6156156156156,390.49917107954855,49.779409333513456
808,201.6176176176176,390.50879304433755,50.779363041338776
809,201.6196196196196,390.5384108257093,51.77892433862205
810,201.6216216216216,390.5880125769462,52.777693414171665
811,201.62362362362362,390.657578458009,53.77527077367415
812,201.62562562562562,390.7470806434729,54.771257399486565
813,201.62762762762762,390.85648333365697,55.76525491023822
814,201.62962962962962,390.9857427689439,56.75686572017794
815,201.63163163163162,391.134807247283,57.74569319820305
816,201.63363363363362,391.3036171448704,58.73134182650653
817,201.63563563563562,391.49210493999783,59.71341735877887
818,201.63763763763762,391.7001952400604,60.69152697790132
819,201.63963963963963,391.9278048117126,61.66527945306752
820,201.64164164164166,392.17484261416047,62.634285296270605
821,201.64364364364366,392.4412098355769,63.59815691809319
822,201.64564564564566,392.7267999326248,64.55650878273799
823,201.64764764764766,393.0314986730731,65.50895756223703
824,201.64964964964966,393.3551841814883,66.45512228977763
825,201.65165165165166,393.6977269879828,67.39462451208415
826,201.65365365365366,394.0589900800011,68.32708844079418
827,201.65565565565566,394.43882895712323,69.25214110276895
828,201.65765765765767,394.8370916888628,70.1694124892775
829,201.65965965965967,395.2536189754372,71.0785357039954
830,201.66166166166167,395.68824421148537,71.9791471097582
831,201.66366366366367,396.14079355270786,72.87088647401161
832,201.66566566566567,396.6110859854021,73.75339711289963
833,201.66766766766767,397.0989333988655,74.62632603393335
834,201.66966966966967,397.6041406606372,75.48932407718326
835,201.67167167167167,398.1265056945485,76.34204605493852
836,201.67367367367368,398.66581956155056,77.18415088977753
837,201.67567567567568,399.22186654328743,78.01530175099425
838,201.67767767767768,399.79442422838025,78.83516618932609
839,201.67967967967968,400.38326360138893,79.64341626992906
840,201.68168168168168,400.98814913441544,80.43972870354747
841,201.68368368368368,401.6088388813115,81.22378497582523
842,201.68568568568568,402.24508457445415,81.99527147470734
843,201.68768768768768,402.8966317240493,82.75387961588062
844,201.6896896896897,403.56321971992435,83.49930596620325
845,201.6916916916917,404.24458193576857,84.23125236507397
846,201.6936936936937,404.9404458357804,84.9494260436924
847,201.6956956956957,405.6505330836779,85.65353974216261
848,201.6976976976977,406.37455965402955,86.34331182439325
849,201.6996996996997,407.11223594586085,87.0184663907483
850,201.7017017017017,407.86326689849056,87.67873338840315
851,201.7037037037037,408.6273521095512,88.32384871936216
852,201.7057057057057,409.40418595514615,88.95355434609438
853,201.7077077077077,410.1934577120947,89.56759839474508
854,201.7097097097097,410.9948516822176,90.16573525588194
855,201.7117117117117,411.8080473186119,90.74772568273558
856,201.7137137137137,412.6327193538655,91.313336886895
857,201.7157157157157,413.4685379301598,91.86234263141993
858,201.7177177177177,414.31516873120836,92.39452332133256
859,201.7197197197197,415.172273115979,92.90966609145254
860,201.72172172172174,416.0395082541458,93.4075648915403
861,201.72372372372374,416.9165272632164,93.8880205687144
862,201.72572572572574,417.8029793472806,94.35084094710993
863,201.72772772772774,418.69850993732405,94.7958409047464
864,201.72972972972974,419.6027608330509,95.222842447574
865,201.73173173173174,420.51537034615944,95.63167478066889
866,201.73373373373374,421.43597344501234,96.02217437654885
867,201.73573573573574,422.3642019006446,96.39418504058212
868,201.73773773773775,423.2996844340503,96.74755797346316
869,201.73973973973975,424.24204686468886,97.0821518307304
870,201.74174174174175,425.19091226015274,97.39783277930212
871,201.74374374374375,426.14590108693517,97.69447455100791
872,201.74574574574575,427.1066313622384,97.97195849309428
873,201.74774774774775,428.0727188067619,98.23017361568411
874,201.74974974974975,429.0437769984088,98.46901663617119
875,201.75175175175175,430.0194175268498,98.68839202053186
876,201.75375375375376,430.9992501488818,98.88821202153736
877,201.75575575575576,431.9828829445203,99.06839671385148
878,201.75775775775776,432.96992247376204,99.22887402599976
879,201.75975975975976,433.95997393395555,99.36957976919699
880,201.76176176176176,434.95264131771734,99.49045766302196
881,201.76376376376376,435.94752757132926,99.5914593579288
882,201.76576576576576,436.94423475355484,99.67254445458623
883,201.76776776776777,437.94236419481047,99.73368052003671
884,201.76976976976977,438.9415166566278,99.7748431006692
885,201.77177177177177,439.94129249134403,99.79601573200027
886,201.77377377377377,440.9412918019554,99.79718994525967
887,201.77577577577577,441.94111460207085,99.77836527077778
888,201.77777777777777,442.94036097590106,99.73954923817338
889,201.77977977977977,443.93863123821967,99.68075737334199
890,201.78178178178177,444.9355260942318,99.60201319224564
891,201.78378378378378,445.9306467992868,99.50334819150687
892,201.78578578578578,446.9235953183708,99.38480183581046
893,201.78778778778778,447.9139744853153,99.2464215421181
894,201.78978978978978,448.9013881616583,99.0882626607022
895,201.79179179179178,449.8854413950947,98.91038845300659
896,201.79379379379378,450.8657405774516,98.71287006634272
897,201.79579579579578,451.8418936021266,98.4957865054317
898,201.79779779779778,452.81351002092504,98.25922460080349
899,201.7997997997998,453.78020120023405,98.00327897406584
900,201.80180180180182,454.741580476471,97.72805200005685
901,201.80380380380382,455.69726331074355,97.43365376589651
902,201.80580580580582,456.6468674426603,97.12020202695321
903,201.80780780780782,457.59001304322976,96.78782215974324
904,201.80980980980982,458.52632286678676,96.43664711178181
905,201.81181181181182,459.4554224018858,96.06681734840582
906,201.81381381381382,460.3769400211007,95.67848079658962
907,201.81581581581582,461.2905071296706,95.27179278577621
908,201.81781781781783,462.19575831293264,94.84691598574746
909,201.81981981981983,463.0923314824835,94.40402034155844
910,201.82182182182183,463.9798680210094,93.94328300556163
911,201.82382382382383,464.85801292572864,93.46488826654833
912,201.82582582582583,465.72641495038783,92.96902747603565
913,201.82782782782783,466.5847267457556,92.4558989717284
914,201.82982982982983,467.4326049985578,91.9257079981867
915,201.83183183183183,468.2697105687982,91.37866662473083
916,201.83383383383384,469.09570862540994,90.81499366061638
917,201.83583583583584,469.9102687801836,90.23491456751347
918,201.83783783783784,470.71306521991795,89.63866136932505
919,201.83983983983984,471.5037768367408,89.02647255938045
920,201.84184184184184,472.2820873565482,88.39859300504125
921,201.84384384384384,473.04768546550946,87.75527384975757
922,201.84584584584584,473.80026493458894,87.09677241261404
923,201.84784784784785,474.53952474203317,86.42335208540564
924,201.84984984984985,475.26516919377593,85.7352822272844
925,201.85185185185185,475.9769080417116,85.03283805701945
926,201.85385385385385,476.67445659979074,84.31630054291308
927,201.85585585585585,477.35753585789064,83.58595629041726
928,201.85785785785785,478.02587259341567,82.84209742749516
929,201.85985985985985,478.67919948058267,82.08502148777399
930,201.86186186186185,479.31725519734766,81.3150312915354
931,201.86386386386386,479.9397845299312,80.5324348245915
932,201.86586586586586,480.5465384749006,79.73754511509459
933,201.86786786786786,481.1372743387678,78.93068010833008
934,201.86986986986986,481.71175583506357,78.11216253954261
935,201.87187187187186,482.2697531788491,77.28231980484628
936,201.87387387387386,482.81104317862673,76.44148383027056
937,201.87587587587586,483.3354093256137,75.58999093899426
938,201.87787787787786,483.84264188034257,74.72818171682081
939,201.87987987987987,484.3325379565545,73.85640087594845
940,201.8818818818819,484.8049016023509,72.97499711708994
941,201.8838838838839,485.25954387857155,72.08432298999692
942,201.8858858858859,485.69628293436773,71.18473475244474
943,201.8878878878879,486.11494407994024,70.27659222773406
944,201.8898898898899,486.515359856413,69.36025866076636
945,201.8918918918919,486.89737010281414,68.43610057275082
946,201.8938938938939,487.2608220201385,67.50448761460069
947,201.8958958958959,487.6055702324652,66.56579241907791
948,201.8978978978979,487.9314768451058,65.6203904517449
949,201.8998998998999,488.2384114997607,64.66865986078341
950,201.9019019019019,488.5262514266603,63.71098132574024
951,201.9039039039039,488.79488149367177,62.74773790526055
952,201.9059059059059,489.04419425234994,61.779314883869446
953,201.9079079079079,489.2740899809155,60.80609961786335
954,201.9099099099099,489.48447672414227,59.828481380372644
955,201.91191191191191,489.675270330138,58.84685120565758
956,201.91391391391392,489.8463944840043,57.86160173269981
957,201.91591591591592,489.99778073836114,56.87312704815204
958,201.91791791791792,490.12936854072524,55.881822528708604
959,201.91991991991992,490.24110525773017,54.88808468296006
960,201.92192192192192,490.33294619617897,53.892310992795046
961,201.92392392392392,490.40485462092073,52.894899754412826
962,201.92592592592592,490.4568017695443,51.89624991901011
963,201.92792792792793,490.4887668638829,50.896760933205904
964,201.92992992992993,490.500737118325,49.896832579268185
965,201.93193193193193,490.4927077449284,48.896864815206335
966,201.93393393393393,490.4646819553354,47.89725761479325
967,201.93593593593593,490.4166709594881,46.89841080758117
968,201.93793793793793,490.3486939611448,45.90072391897522
969,201.93993993993993,490.26077815019846,44.904596010428506
970,201.94194194194193,490.15295869180125,43.91042551982293
971,201.94394394394394,490.025278712299,42.9186101020993
972,201.94594594594594,489.87778928198105,41.92954647020068
973,201.94794794794794,489.7105493946531,40.94363023639248
974,201.94994994994994,489.52362594404025,39.961255754022865
975,201.95195195195194,489.31709369703043,38.98281595978662
976,201.95395395395394,489.09103526376873,38.008702216555754
977,201.95595595595594,488.84554106461434,37.03930415683955
978,201.95795795795794,488.58070929397377,36.07500952693675
979,201.95995995995997,488.2966458810242,35.11620403184224
980,201.96196196196198,487.99346444734334,34.163271180970135
981,201.96396396396398,487.67128626146234,33.216592134755196
982,201.96596596596598,487.33024019035986,32.27654555219369
983,201.96796796796798,486.97046264791715,31.34350743938485
984,201.96996996996998,486.5920975403542,30.417850999133464
985,201.97197197197198,486.1952962086692,29.499946481673703
986,201.97397397397398,485.7802173681043,28.590161036573992
987,201.97597597597598,485.34702704466133,27.688858565882057
988,201.977977977978,484.8958985086939,26.79639957856897
989,201.97997997998,484.42701220560144,25.913141046330363
990,201.981981981982,483.9405556836535,25.039436260802507
991,201.983983983984,483.43672351897277,24.17563469225037
992,201.985985985986,482.9157172377075,23.322081849784173
993,201.987987987988,482.3777452354235,22.47911914316035
994,201.98998998999,481.82302269374884,21.6470837462222
995,201.991991991992,481.251771494304,20.826308462034838
996,201.993993993994,480.6642201299522,20.017121589768415
997,201.995995995996,480.0606036134052,19.219846793382825
998,201.997997997998,479.4411633832216,18.43480297216643
999,202.0,478.8061472072343,17.66230413318061
